Evaluation,Peak_Force_N
1,3569.7792307304485
2,3949.423421551438
3,3814.9181564683004
4,2242.5821928936225
5,2059.05901040272
6,3512.0370223377754
7,3069.736174346035
