Evaluation,Peak_Force_N
1,2911.485476230965
2,2778.223780668526
3,4196.585432560923
4,1686.1568242373894
5,3349.3690400260616
