Evaluation,Peak_Force_N
1,2839.441521684061
2,3288.16060302086
3,2155.218497412325
4,3152.6912770108074
5,3581.8259016470147
6,3673.9622915675604
7,3733.5543083958373
