Evaluation,Peak_Force_N
1,4689.227931920094
2,2928.2682160200507
3,2964.132016034804
4,2911.8084268903226
5,4864.285880991383
6,4028.101390453822
