Optimizer,Peak_Force_N,Evaluations,Time_s,Success
Metaheuristics_DE,1618.8854268024463,100,12952.850675106049,true
BlackBoxOptim,1497.8867334973704,102,26615.888419151306,true
Metaheuristics_ECA,1615.2056062032482,100,8600.181271076202,true
Metaheuristics_GA,1648.9319725632688,100,4274.035659074783,true
Metaheuristics_PSO,1571.88393401898,100,16898.909373998642,true
Optim,2912.7611969202208,101,22057.13324904442,true
